condition,AUC_mean,AUC_ci_low,AUC_ci_high
baseline_restore_state,3.949134349822998,3.6171271741390227,4.270133376121521
sever_MLP,1.4875022172927856,1.2707135796546936,1.7198278993368148
sever_Attn,1.4743322134017944,1.2623109370470047,1.7340715289115904
