contrast,mean,ci_low,ci_high
baseline_minus_sever_MLP,2.461632251739502,2.1851474940776825,2.7480162143707276
baseline_minus_sever_Attn,2.4748024940490723,2.2361757278442385,2.7233612179756164
sever_MLP_minus_sever_Attn,0.01316999550908804,-0.0776638774201274,0.09912474080920218
